Run,ArrayExpress-SPECIES,Assay Type,AvgSpotLen,Bases,BioProject,BioSample,Bytes,Center Name,common_name,Consent,DATASTORE filetype,DATASTORE provider,DATASTORE region,ENA-FIRST-PUBLIC (run),ena_first_public,ENA-LAST-UPDATE (run),ena_last_update,Experiment,external_id,INSDC_center_alias,INSDC_center_name,INSDC_first_public,INSDC_last_update,INSDC_status,Instrument,Library Name,LibraryLayout,LibrarySelection,LibrarySource,Organism,Platform,ReleaseDate,create_date,version,Sample Name,Sample_name,Scientific_Name,SRA Study,Submitter_Id,subject_id,sample_description
ERR11471968,Plasmodium falciparum,RNA-Seq,122,9248195360,PRJEB55754,SAMEA111280388,4503693407,WELLCOME SANGER INSTITUTE,malaria parasite P. falciparum,public,"sra,run.zq,cram","ncbi,gs,s3","ncbi.public,s3.us-east-1,gs.us-east1",2023-05-23,2023-05-23,2023-05-23,2023-05-23,ERX10878142,SAMEA111280388,SC,Wellcome Sanger Institute,2023-05-23T15:46:46Z,2023-05-23T15:46:46Z,public,Illumina HiSeq 4000,DN585102I:B2,PAIRED,PolyA,TRANSCRIPTOMIC SINGLE CELL,Plasmodium falciparum,ILLUMINA,2023-09-11T00:00:00Z,2023-09-17T18:29:00Z,2,SAMEA111280388,e8a33616-b3c4-11e9-9468-68b599768938,Plasmodium falciparum,ERP140667,e8a33616-b3c4-11e9-9468-68b599768938,,Day_1_pf_gam_tc_v2
ERR11471969,Plasmodium falciparum,RNA-Seq,122,12430245598,PRJEB55754,SAMEA111280388,6099504812,WELLCOME SANGER INSTITUTE,malaria parasite P. falciparum,public,"sra,run.zq,cram","gs,ncbi,s3","s3.us-east-1,ncbi.public,gs.us-east1",2023-05-23,2023-05-23,2023-05-23,2023-05-23,ERX10878143,SAMEA111280388,SC,Wellcome Sanger Institute,2023-05-23T15:46:46Z,2023-05-23T15:46:46Z,public,Illumina HiSeq 4000,DN585102I:B2,PAIRED,PolyA,TRANSCRIPTOMIC SINGLE CELL,Plasmodium falciparum,ILLUMINA,2023-09-11T00:00:00Z,2023-09-16T17:39:00Z,2,SAMEA111280388,e8a33616-b3c4-11e9-9468-68b599768938,Plasmodium falciparum,ERP140667,e8a33616-b3c4-11e9-9468-68b599768938,,Day_1_pf_gam_tc_v2
ERR11471970,Plasmodium falciparum,RNA-Seq,122,11295671218,PRJEB55754,SAMEA111280388,5522095950,WELLCOME SANGER INSTITUTE,malaria parasite P. falciparum,public,"run.zq,sra,cram","s3,ncbi,gs","gs.us-east1,s3.us-east-1,ncbi.public",2023-05-23,2023-05-23,2023-05-23,2023-05-23,ERX10878144,SAMEA111280388,SC,Wellcome Sanger Institute,2023-05-23T15:46:46Z,2023-05-23T15:46:46Z,public,Illumina HiSeq 4000,DN585102I:B2,PAIRED,PolyA,TRANSCRIPTOMIC SINGLE CELL,Plasmodium falciparum,ILLUMINA,2023-09-11T00:00:00Z,2023-10-02T07:02:00Z,1,SAMEA111280388,e8a33616-b3c4-11e9-9468-68b599768938,Plasmodium falciparum,ERP140667,e8a33616-b3c4-11e9-9468-68b599768938,,Day_1_pf_gam_tc_v2
ERR11471971,Plasmodium falciparum,RNA-Seq,122,6613153228,PRJEB55754,SAMEA111280388,3231321838,WELLCOME SANGER INSTITUTE,malaria parasite P. falciparum,public,"sra,cram,run.zq","gs,ncbi,s3","ncbi.public,s3.us-east-1,gs.us-east1",2023-05-23,2023-05-23,2023-05-23,2023-05-23,ERX10878145,SAMEA111280388,SC,Wellcome Sanger Institute,2023-05-23T15:46:46Z,2023-05-23T15:46:46Z,public,Illumina HiSeq 4000,DN585102I:B2,PAIRED,PolyA,TRANSCRIPTOMIC SINGLE CELL,Plasmodium falciparum,ILLUMINA,2023-09-11T00:00:00Z,2023-09-16T12:38:00Z,2,SAMEA111280388,e8a33616-b3c4-11e9-9468-68b599768938,Plasmodium falciparum,ERP140667,e8a33616-b3c4-11e9-9468-68b599768938,,Day_1_pf_gam_tc_v2
ERR11471972,Plasmodium falciparum,RNA-Seq,122,9285156846,PRJEB55754,SAMEA111280390,4563205028,WELLCOME SANGER INSTITUTE,malaria parasite P. falciparum,public,"run.zq,cram,sra","s3,ncbi,gs","ncbi.public,s3.us-east-1,gs.us-east1",2023-05-23,2023-05-23,2023-05-23,2023-05-23,ERX10878146,SAMEA111280390,SC,Wellcome Sanger Institute,2023-05-23T16:19:27Z,2023-05-23T16:19:27Z,public,Illumina HiSeq 4000,DN585105L:B2,PAIRED,PolyA,TRANSCRIPTOMIC SINGLE CELL,Plasmodium falciparum,ILLUMINA,2023-09-11T00:00:00Z,2023-10-02T07:23:00Z,1,SAMEA111280390,f56360ec-b3c4-11e9-8a5f-68b59976a384,Plasmodium falciparum,ERP140667,f56360ec-b3c4-11e9-8a5f-68b59976a384,4472STDY8057233,
ERR11471973,Plasmodium falciparum,RNA-Seq,122,8029979366,PRJEB55754,SAMEA111280390,3951350318,WELLCOME SANGER INSTITUTE,malaria parasite P. falciparum,public,"run.zq,sra,cram","ncbi,gs,s3","s3.us-east-1,ncbi.public,gs.us-east1",2023-05-23,2023-05-23,2023-05-23,2023-05-23,ERX10878147,SAMEA111280390,SC,Wellcome Sanger Institute,2023-05-23T16:19:27Z,2023-05-23T16:19:27Z,public,Illumina HiSeq 4000,DN585105L:B2,PAIRED,PolyA,TRANSCRIPTOMIC SINGLE CELL,Plasmodium falciparum,ILLUMINA,2023-09-11T00:00:00Z,2023-10-02T06:29:00Z,1,SAMEA111280390,f56360ec-b3c4-11e9-8a5f-68b59976a384,Plasmodium falciparum,ERP140667,f56360ec-b3c4-11e9-8a5f-68b59976a384,4472STDY8057233,
ERR11471974,Plasmodium falciparum,RNA-Seq,122,10965844584,PRJEB55754,SAMEA111280390,5395243662,WELLCOME SANGER INSTITUTE,malaria parasite P. falciparum,public,"sra,cram,run.zq","gs,s3,ncbi","gs.us-east1,s3.us-east-1,ncbi.public",2023-05-23,2023-05-23,2023-05-23,2023-05-23,ERX10878148,SAMEA111280390,SC,Wellcome Sanger Institute,2023-05-23T16:19:27Z,2023-05-23T16:19:27Z,public,Illumina HiSeq 4000,DN585105L:B2,PAIRED,PolyA,TRANSCRIPTOMIC SINGLE CELL,Plasmodium falciparum,ILLUMINA,2023-09-11T00:00:00Z,2023-09-17T18:46:00Z,2,SAMEA111280390,f56360ec-b3c4-11e9-8a5f-68b59976a384,Plasmodium falciparum,ERP140667,f56360ec-b3c4-11e9-8a5f-68b59976a384,4472STDY8057233,
ERR11471975,Plasmodium falciparum,RNA-Seq,122,10441270570,PRJEB55754,SAMEA111280390,5149907615,WELLCOME SANGER INSTITUTE,malaria parasite P. falciparum,public,"cram,run.zq,sra","gs,s3,ncbi","s3.us-east-1,ncbi.public,gs.us-east1",2023-05-23,2023-05-23,2023-05-23,2023-05-23,ERX10878149,SAMEA111280390,SC,Wellcome Sanger Institute,2023-05-23T16:19:27Z,2023-05-23T16:19:27Z,public,Illumina HiSeq 4000,DN585105L:B2,PAIRED,PolyA,TRANSCRIPTOMIC SINGLE CELL,Plasmodium falciparum,ILLUMINA,2023-09-11T00:00:00Z,2023-10-02T07:35:00Z,1,SAMEA111280390,f56360ec-b3c4-11e9-8a5f-68b59976a384,Plasmodium falciparum,ERP140667,f56360ec-b3c4-11e9-8a5f-68b59976a384,4472STDY8057233,
ERR11471976,Plasmodium falciparum,RNA-Seq,122,8922415466,PRJEB55754,SAMEA111280389,4427490568,WELLCOME SANGER INSTITUTE,malaria parasite P. falciparum,public,"cram,run.zq,sra","s3,gs,ncbi","gs.us-east1,s3.us-east-1,ncbi.public",2023-05-23,2023-05-23,2023-05-23,2023-05-23,ERX10878150,SAMEA111280389,SC,Wellcome Sanger Institute,2023-05-23T16:19:27Z,2023-05-23T16:19:27Z,public,Illumina HiSeq 4000,DN585107N:B2,PAIRED,PolyA,TRANSCRIPTOMIC SINGLE CELL,Plasmodium falciparum,ILLUMINA,2023-09-11T00:00:00Z,2023-10-02T07:27:00Z,1,SAMEA111280389,01c3bc06-b3c5-11e9-9468-68b599768938,Plasmodium falciparum,ERP140667,01c3bc06-b3c5-11e9-9468-68b599768938,4472STDY8057329,
ERR11471977,Plasmodium falciparum,RNA-Seq,122,11196384446,PRJEB55754,SAMEA111280389,5612727708,WELLCOME SANGER INSTITUTE,malaria parasite P. falciparum,public,"sra,cram,run.zq","s3,ncbi,gs","s3.us-east-1,ncbi.public,gs.us-east1",2023-05-23,2023-05-23,2023-05-23,2023-05-23,ERX10878151,SAMEA111280389,SC,Wellcome Sanger Institute,2023-05-23T16:19:27Z,2023-05-23T16:19:27Z,public,Illumina HiSeq 4000,DN585107N:B2,PAIRED,PolyA,TRANSCRIPTOMIC SINGLE CELL,Plasmodium falciparum,ILLUMINA,2023-09-11T00:00:00Z,2023-09-16T12:10:00Z,1,SAMEA111280389,01c3bc06-b3c5-11e9-9468-68b599768938,Plasmodium falciparum,ERP140667,01c3bc06-b3c5-11e9-9468-68b599768938,4472STDY8057329,
ERR11471978,Plasmodium falciparum,RNA-Seq,122,13493315534,PRJEB55754,SAMEA111280389,6662467325,WELLCOME SANGER INSTITUTE,malaria parasite P. falciparum,public,"run.zq,sra,cram","gs,s3,ncbi","ncbi.public,gs.us-east1,s3.us-east-1",2023-05-23,2023-05-23,2023-05-23,2023-05-23,ERX10878152,SAMEA111280389,SC,Wellcome Sanger Institute,2023-05-23T16:19:27Z,2023-05-23T16:19:27Z,public,Illumina HiSeq 4000,DN585107N:B2,PAIRED,PolyA,TRANSCRIPTOMIC SINGLE CELL,Plasmodium falciparum,ILLUMINA,2023-09-11T00:00:00Z,2023-09-16T12:05:00Z,1,SAMEA111280389,01c3bc06-b3c5-11e9-9468-68b599768938,Plasmodium falciparum,ERP140667,01c3bc06-b3c5-11e9-9468-68b599768938,4472STDY8057329,
ERR11471979,Plasmodium falciparum,RNA-Seq,122,4565038212,PRJEB55754,SAMEA111280389,2245772807,WELLCOME SANGER INSTITUTE,malaria parasite P. falciparum,public,"run.zq,sra,cram","gs,ncbi,s3","ncbi.public,s3.us-east-1,gs.us-east1",2023-05-23,2023-05-23,2023-05-23,2023-05-23,ERX10878153,SAMEA111280389,SC,Wellcome Sanger Institute,2023-05-23T16:19:27Z,2023-05-23T16:19:27Z,public,Illumina HiSeq 4000,DN585107N:B2,PAIRED,PolyA,TRANSCRIPTOMIC SINGLE CELL,Plasmodium falciparum,ILLUMINA,2023-09-11T00:00:00Z,2023-10-02T07:11:00Z,1,SAMEA111280389,01c3bc06-b3c5-11e9-9468-68b599768938,Plasmodium falciparum,ERP140667,01c3bc06-b3c5-11e9-9468-68b599768938,4472STDY8057329,
ERR11471980,Plasmodium falciparum,RNA-Seq,122,9473220944,PRJEB55754,SAMEA111280391,4619243028,WELLCOME SANGER INSTITUTE,malaria parasite P. falciparum,public,"sra,cram,run.zq","s3,ncbi,gs","ncbi.public,s3.us-east-1,gs.us-east1",2023-05-23,2023-05-23,2023-05-23,2023-05-23,ERX10878154,SAMEA111280391,SC,Wellcome Sanger Institute,2023-05-23T16:19:27Z,2023-05-23T16:19:27Z,public,Illumina HiSeq 4000,DN585110I:B2,PAIRED,PolyA,TRANSCRIPTOMIC SINGLE CELL,Plasmodium falciparum,ILLUMINA,2023-09-11T00:00:00Z,2023-10-02T07:58:00Z,1,SAMEA111280391,11d8c960-b3c5-11e9-b754-68b599768938,Plasmodium falciparum,ERP140667,11d8c960-b3c5-11e9-b754-68b599768938,4472STDY8057425,
ERR11471981,Plasmodium falciparum,RNA-Seq,122,9769248454,PRJEB55754,SAMEA111280391,4756243004,WELLCOME SANGER INSTITUTE,malaria parasite P. falciparum,public,"sra,cram,run.zq","ncbi,s3,gs","gs.us-east1,ncbi.public,s3.us-east-1",2023-05-23,2023-05-23,2023-05-23,2023-05-23,ERX10878155,SAMEA111280391,SC,Wellcome Sanger Institute,2023-05-23T16:19:27Z,2023-05-23T16:19:27Z,public,Illumina HiSeq 4000,DN585110I:B2,PAIRED,PolyA,TRANSCRIPTOMIC SINGLE CELL,Plasmodium falciparum,ILLUMINA,2023-09-11T00:00:00Z,2023-10-02T07:23:00Z,1,SAMEA111280391,11d8c960-b3c5-11e9-b754-68b599768938,Plasmodium falciparum,ERP140667,11d8c960-b3c5-11e9-b754-68b599768938,4472STDY8057425,
ERR11471982,Plasmodium falciparum,RNA-Seq,122,13151376618,PRJEB55754,SAMEA111280391,6411959976,WELLCOME SANGER INSTITUTE,malaria parasite P. falciparum,public,"run.zq,sra,cram","ncbi,gs,s3","gs.us-east1,s3.us-east-1,ncbi.public",2023-05-23,2023-05-23,2023-05-23,2023-05-23,ERX10878156,SAMEA111280391,SC,Wellcome Sanger Institute,2023-05-23T16:19:27Z,2023-05-23T16:19:27Z,public,Illumina HiSeq 4000,DN585110I:B2,PAIRED,PolyA,TRANSCRIPTOMIC SINGLE CELL,Plasmodium falciparum,ILLUMINA,2023-09-11T00:00:00Z,2023-09-16T13:07:00Z,1,SAMEA111280391,11d8c960-b3c5-11e9-b754-68b599768938,Plasmodium falciparum,ERP140667,11d8c960-b3c5-11e9-b754-68b599768938,4472STDY8057425,
ERR11471983,Plasmodium falciparum,RNA-Seq,122,7738270534,PRJEB55754,SAMEA111280391,3748550869,WELLCOME SANGER INSTITUTE,malaria parasite P. falciparum,public,"cram,sra,run.zq","gs,ncbi,s3","s3.us-east-1,gs.us-east1,ncbi.public",2023-05-23,2023-05-23,2023-05-23,2023-05-23,ERX10878157,SAMEA111280391,SC,Wellcome Sanger Institute,2023-05-23T16:19:27Z,2023-05-23T16:19:27Z,public,Illumina HiSeq 4000,DN585110I:B2,PAIRED,PolyA,TRANSCRIPTOMIC SINGLE CELL,Plasmodium falciparum,ILLUMINA,2023-09-11T00:00:00Z,2023-09-16T12:39:00Z,2,SAMEA111280391,11d8c960-b3c5-11e9-b754-68b599768938,Plasmodium falciparum,ERP140667,11d8c960-b3c5-11e9-b754-68b599768938,4472STDY8057425,
ERR11471984,Plasmodium falciparum,RNA-Seq,124,13094441044,PRJEB55754,SAMEA111280392,6459745897,WELLCOME SANGER INSTITUTE,malaria parasite P. falciparum,public,"run.zq,sra,cram","gs,ncbi,s3","s3.us-east-1,ncbi.public,gs.us-east1",2023-05-23,2023-05-23,2023-05-23,2023-05-23,ERX10878158,SAMEA111280392,SC,Wellcome Sanger Institute,2023-05-23T16:19:27Z,2023-05-23T16:19:27Z,public,Illumina HiSeq 4000,DN585868B:B2,PAIRED,PolyA,TRANSCRIPTOMIC SINGLE CELL,Plasmodium falciparum,ILLUMINA,2023-09-11T00:00:00Z,2023-09-16T12:30:00Z,1,SAMEA111280392,20220da6-b3c5-11e9-80bc-68b59976a384,Plasmodium falciparum,ERP140667,20220da6-b3c5-11e9-80bc-68b59976a384,4472STDY8062811,
ERR11471985,Plasmodium falciparum,RNA-Seq,124,11389867480,PRJEB55754,SAMEA111280392,5673129162,WELLCOME SANGER INSTITUTE,malaria parasite P. falciparum,public,"sra,run.zq,cram","ncbi,s3,gs","ncbi.public,gs.us-east1,s3.us-east-1",2023-05-23,2023-05-23,2023-05-23,2023-05-23,ERX10878159,SAMEA111280392,SC,Wellcome Sanger Institute,2023-05-23T16:19:27Z,2023-05-23T16:19:27Z,public,Illumina HiSeq 4000,DN585868B:B2,PAIRED,PolyA,TRANSCRIPTOMIC SINGLE CELL,Plasmodium falciparum,ILLUMINA,2023-09-11T00:00:00Z,2023-09-16T12:36:00Z,1,SAMEA111280392,20220da6-b3c5-11e9-80bc-68b59976a384,Plasmodium falciparum,ERP140667,20220da6-b3c5-11e9-80bc-68b59976a384,4472STDY8062811,
ERR11471986,Plasmodium falciparum,RNA-Seq,124,5589393248,PRJEB55754,SAMEA111280392,2756373489,WELLCOME SANGER INSTITUTE,malaria parasite P. falciparum,public,"run.zq,sra,cram","s3,ncbi,gs","gs.us-east1,ncbi.public,s3.us-east-1",2023-05-23,2023-05-23,2023-05-23,2023-05-23,ERX10878160,SAMEA111280392,SC,Wellcome Sanger Institute,2023-05-23T16:19:27Z,2023-05-23T16:19:27Z,public,Illumina HiSeq 4000,DN585868B:B2,PAIRED,PolyA,TRANSCRIPTOMIC SINGLE CELL,Plasmodium falciparum,ILLUMINA,2023-09-11T00:00:00Z,2023-09-16T12:04:00Z,1,SAMEA111280392,20220da6-b3c5-11e9-80bc-68b59976a384,Plasmodium falciparum,ERP140667,20220da6-b3c5-11e9-80bc-68b59976a384,4472STDY8062811,
ERR11471987,Plasmodium falciparum,RNA-Seq,124,10630307464,PRJEB55754,SAMEA111280392,5264253962,WELLCOME SANGER INSTITUTE,malaria parasite P. falciparum,public,"run.zq,cram,sra","s3,ncbi,gs","s3.us-east-1,gs.us-east1,ncbi.public",2023-05-23,2023-05-23,2023-05-23,2023-05-23,ERX10878161,SAMEA111280392,SC,Wellcome Sanger Institute,2023-05-23T16:19:27Z,2023-05-23T16:19:27Z,public,Illumina HiSeq 4000,DN585868B:B2,PAIRED,PolyA,TRANSCRIPTOMIC SINGLE CELL,Plasmodium falciparum,ILLUMINA,2023-09-11T00:00:00Z,2023-09-16T12:06:00Z,1,SAMEA111280392,20220da6-b3c5-11e9-80bc-68b59976a384,Plasmodium falciparum,ERP140667,20220da6-b3c5-11e9-80bc-68b59976a384,4472STDY8062811,
ERR11471988,Plasmodium falciparum,RNA-Seq,124,6783508660,PRJEB55754,SAMEA111280391,3321803107,WELLCOME SANGER INSTITUTE,malaria parasite P. falciparum,public,"run.zq,sra,cram","ncbi,gs,s3","gs.us-east1,ncbi.public,s3.us-east-1",2023-05-23,2023-05-23,2023-05-23,2023-05-23,ERX10878162,SAMEA111280391,SC,Wellcome Sanger Institute,2023-05-23T16:19:27Z,2023-05-23T16:19:27Z,public,Illumina HiSeq 4000,DN585110I:B2,PAIRED,PolyA,TRANSCRIPTOMIC SINGLE CELL,Plasmodium falciparum,ILLUMINA,2023-09-11T00:00:00Z,2023-09-16T12:08:00Z,1,SAMEA111280391,11d8c960-b3c5-11e9-b754-68b599768938,Plasmodium falciparum,ERP140667,11d8c960-b3c5-11e9-b754-68b599768938,4472STDY8057425,
ERR11471989,Plasmodium falciparum,RNA-Seq,124,7874162812,PRJEB55754,SAMEA111280391,3858122567,WELLCOME SANGER INSTITUTE,malaria parasite P. falciparum,public,"sra,cram,run.zq","ncbi,s3,gs","s3.us-east-1,ncbi.public,gs.us-east1",2023-05-23,2023-05-23,2023-05-23,2023-05-23,ERX10878163,SAMEA111280391,SC,Wellcome Sanger Institute,2023-05-23T16:19:27Z,2023-05-23T16:19:27Z,public,Illumina HiSeq 4000,DN585110I:B2,PAIRED,PolyA,TRANSCRIPTOMIC SINGLE CELL,Plasmodium falciparum,ILLUMINA,2023-09-11T00:00:00Z,2023-09-16T12:39:00Z,2,SAMEA111280391,11d8c960-b3c5-11e9-b754-68b599768938,Plasmodium falciparum,ERP140667,11d8c960-b3c5-11e9-b754-68b599768938,4472STDY8057425,
ERR11471990,Plasmodium falciparum,RNA-Seq,124,10814977068,PRJEB55754,SAMEA111280391,5296347781,WELLCOME SANGER INSTITUTE,malaria parasite P. falciparum,public,"cram,run.zq,sra","s3,gs,ncbi","s3.us-east-1,ncbi.public,gs.us-east1",2023-05-23,2023-05-23,2023-05-23,2023-05-23,ERX10878164,SAMEA111280391,SC,Wellcome Sanger Institute,2023-05-23T16:19:27Z,2023-05-23T16:19:27Z,public,Illumina HiSeq 4000,DN585110I:B2,PAIRED,PolyA,TRANSCRIPTOMIC SINGLE CELL,Plasmodium falciparum,ILLUMINA,2023-09-11T00:00:00Z,2023-09-16T12:21:00Z,1,SAMEA111280391,11d8c960-b3c5-11e9-b754-68b599768938,Plasmodium falciparum,ERP140667,11d8c960-b3c5-11e9-b754-68b599768938,4472STDY8057425,
ERR11471991,Plasmodium falciparum,RNA-Seq,124,6260555772,PRJEB55754,SAMEA111280391,3040630366,WELLCOME SANGER INSTITUTE,malaria parasite P. falciparum,public,"cram,sra,run.zq","gs,ncbi,s3","ncbi.public,s3.us-east-1,gs.us-east1",2023-05-23,2023-05-23,2023-05-23,2023-05-23,ERX10878165,SAMEA111280391,SC,Wellcome Sanger Institute,2023-05-23T16:19:27Z,2023-05-23T16:19:27Z,public,Illumina HiSeq 4000,DN585110I:B2,PAIRED,PolyA,TRANSCRIPTOMIC SINGLE CELL,Plasmodium falciparum,ILLUMINA,2023-09-11T00:00:00Z,2023-09-16T12:06:00Z,1,SAMEA111280391,11d8c960-b3c5-11e9-b754-68b599768938,Plasmodium falciparum,ERP140667,11d8c960-b3c5-11e9-b754-68b599768938,4472STDY8057425,
