Run,Assay Type,AvgSpotLen,Bases,BioProject,BioSample,BioSampleModel,Bytes,Center Name,Collection_Date,Consent,DATASTORE filetype,DATASTORE provider,DATASTORE region,Experiment,geo_loc_name_country,geo_loc_name_country_continent,geo_loc_name,Instrument,isolation_source,lat_lon,Library Name,LibraryLayout,LibrarySelection,LibrarySource,Organism,Platform,ReleaseDate,create_date,version,Sample Name,SRA Study
SRR28266079,AMPLICON,602,73326008,PRJNA1085262,SAMN40298771,Metagenome or environmental,38446132,CENTRAL SOUTH UNIVERSITY,2022-05-09,public,"fastq,run.zq,sra","ncbi,gs,s3","s3.us-east-1,ncbi.public,gs.us-east1",SRX23876183,China,Asia,China:Yongzhou city,Illumina MiSeq,Manganese mine surface soil,25.5786 N 111.7367 E,DX1,SINGLE,PCR,METAGENOMIC,tailings metagenome,ILLUMINA,2024-03-07T00:00:00Z,2024-03-07T19:40:00Z,1,DX1_20,SRP494034
SRR28266080,AMPLICON,602,46816336,PRJNA1085262,SAMN40298770,Metagenome or environmental,24089836,CENTRAL SOUTH UNIVERSITY,2022-05-10,public,"fastq,sra,run.zq","ncbi,gs,s3","ncbi.public,s3.us-east-1,gs.us-east1",SRX23876182,China,Asia,China:Yongzhou city,Illumina MiSeq,Abandoned site of iron and manganese smelting,27.1883 N 110.4028 E,LF1,SINGLE,PCR,METAGENOMIC,tailings metagenome,ILLUMINA,2024-03-07T00:00:00Z,2024-03-07T19:40:00Z,1,LF1_20,SRP494034
SRR28266081,AMPLICON,602,43091762,PRJNA1085262,SAMN40298769,Metagenome or environmental,21998011,CENTRAL SOUTH UNIVERSITY,2022-05-10,public,"sra,fastq,run.zq","s3,ncbi,gs","ncbi.public,s3.us-east-1,gs.us-east1",SRX23876181,China,Asia,China:Shaoyang city,Illumina MiSeq,Abandoned site of iron and manganese mining,27.1883 N 110.4008 E,DK7,SINGLE,PCR,METAGENOMIC,tailings metagenome,ILLUMINA,2024-03-07T00:00:00Z,2024-03-07T19:41:00Z,1,DK7_20,SRP494034
SRR28266082,AMPLICON,602,42879858,PRJNA1085262,SAMN40298768,Metagenome or environmental,22038300,CENTRAL SOUTH UNIVERSITY,2022-05-10,public,"run.zq,sra,fastq","gs,s3,ncbi","gs.us-east1,ncbi.public,s3.us-east-1",SRX23876180,China,Asia,China:Shaoyang city,Illumina MiSeq,Abandoned site of iron and manganese mining,27.1889 N 110.4128 E,DK6,SINGLE,PCR,METAGENOMIC,tailings metagenome,ILLUMINA,2024-03-07T00:00:00Z,2024-03-07T19:40:00Z,1,DK6_20,SRP494034
SRR28266083,AMPLICON,602,31691688,PRJNA1085262,SAMN40298767,Metagenome or environmental,16362458,CENTRAL SOUTH UNIVERSITY,2022-05-10,public,"run.zq,fastq,sra","s3,ncbi,gs","s3.us-east-1,gs.us-east1,ncbi.public",SRX23876179,China,Asia,China:Shaoyang city,Illumina MiSeq,Abandoned site of iron and manganese mining,27.1886 N 110.4033 E,DK4,SINGLE,PCR,METAGENOMIC,tailings metagenome,ILLUMINA,2024-03-07T00:00:00Z,2024-03-07T19:41:00Z,1,DK4_20,SRP494034
SRR28266084,AMPLICON,602,33324914,PRJNA1085262,SAMN40298806,Metagenome or environmental,19134874,CENTRAL SOUTH UNIVERSITY,2022-09-24,public,"fastq,run.zq,sra","ncbi,gs,s3","ncbi.public,s3.us-east-1,gs.us-east1",SRX23876178,China,Asia,China:Chenzhou city,Illumina MiSeq,Lead-zinc tailings soil,25.7263 N 113.1864 E,XYW_S4,SINGLE,PCR,METAGENOMIC,tailings metagenome,ILLUMINA,2024-03-07T00:00:00Z,2024-03-07T19:41:00Z,1,XYW_S4_20,SRP494034
SRR28266085,AMPLICON,602,27800962,PRJNA1085262,SAMN40298805,Metagenome or environmental,15610647,CENTRAL SOUTH UNIVERSITY,2022-09-24,public,"sra,fastq,run.zq","s3,gs,ncbi","ncbi.public,s3.us-east-1,gs.us-east1",SRX23876177,China,Asia,China:Chenzhou city,Illumina MiSeq,Lead-zinc tailings soil,25.7271 N 113.1664 E,XYW_S3,SINGLE,PCR,METAGENOMIC,tailings metagenome,ILLUMINA,2024-03-07T00:00:00Z,2024-03-07T19:40:00Z,1,XYW_S3_20,SRP494034
SRR28266086,AMPLICON,602,126917252,PRJNA1085262,SAMN40298804,Metagenome or environmental,69286930,CENTRAL SOUTH UNIVERSITY,2022-09-24,public,"sra,fastq,run.zq","s3,ncbi,gs","ncbi.public,s3.us-east-1,gs.us-east1",SRX23876176,China,Asia,China:Chenzhou city,Illumina MiSeq,Lead-zinc tailings soil,25.7283 N 113.1758 E,XYW_S2,SINGLE,PCR,METAGENOMIC,tailings metagenome,ILLUMINA,2024-03-07T00:00:00Z,2024-03-07T19:40:00Z,1,XYW_S2_20,SRP494034
SRR28266087,AMPLICON,602,37471490,PRJNA1085262,SAMN40298803,Metagenome or environmental,21664073,CENTRAL SOUTH UNIVERSITY,2022-09-24,public,"sra,run.zq,fastq","ncbi,s3,gs","gs.us-east1,s3.us-east-1,ncbi.public",SRX23876175,China,Asia,China:Chenzhou city,Illumina MiSeq,Lead-zinc tailings soil,25.7286 N 113.1756 E,XYW_S1,SINGLE,PCR,METAGENOMIC,tailings metagenome,ILLUMINA,2024-03-07T00:00:00Z,2024-03-07T19:41:00Z,1,XYW_S1_20,SRP494034
SRR28266088,AMPLICON,602,34258616,PRJNA1085262,SAMN40298802,Metagenome or environmental,17735374,CENTRAL SOUTH UNIVERSITY,2022-05-08,public,"sra,run.zq,fastq","ncbi,s3,gs","gs.us-east1,ncbi.public,s3.us-east-1",SRX23876174,China,Asia,China:Yongzhou city,Illumina MiSeq,Tin mine abandoned mining site soil,26.2228 N 112.1583 E,XJD8,SINGLE,PCR,METAGENOMIC,tin mine metagenome,ILLUMINA,2024-03-07T00:00:00Z,2024-03-07T19:40:00Z,1,XJD8_20,SRP494034
SRR28266089,AMPLICON,602,37208416,PRJNA1085262,SAMN40298766,Metagenome or environmental,19279933,CENTRAL SOUTH UNIVERSITY,2022-05-10,public,"sra,fastq,run.zq","s3,gs,ncbi","ncbi.public,gs.us-east1,s3.us-east-1",SRX23876173,China,Asia,China:Shaoyang city,Illumina MiSeq,Abandoned site of iron and manganese mining,27.1894 N 110.4028 E,DK3,SINGLE,PCR,METAGENOMIC,tailings metagenome,ILLUMINA,2024-03-07T00:00:00Z,2024-03-07T19:41:00Z,1,DK3_20,SRP494034
SRR28266090,AMPLICON,602,38336564,PRJNA1085262,SAMN40298801,Metagenome or environmental,20064132,CENTRAL SOUTH UNIVERSITY,2022-05-08,public,"fastq,run.zq,sra","ncbi,gs,s3","gs.us-east1,s3.us-east-1,ncbi.public",SRX23876172,China,Asia,China:Yongzhou city,Illumina MiSeq,Tin mine abandoned mining site soil,26.2256 N 112.1622 E,XJD7,SINGLE,PCR,METAGENOMIC,tin mine metagenome,ILLUMINA,2024-03-07T00:00:00Z,2024-03-07T19:40:00Z,1,XJD7_20,SRP494034
SRR28266091,AMPLICON,602,36920660,PRJNA1085262,SAMN40298800,Metagenome or environmental,19494108,CENTRAL SOUTH UNIVERSITY,2022-05-08,public,"sra,fastq,run.zq","s3,ncbi,gs","gs.us-east1,s3.us-east-1,ncbi.public",SRX23876171,China,Asia,China:Yongzhou city,Illumina MiSeq,Tin mine abandoned mining site soil,26.2294 N 112.17 E,XJD6,SINGLE,PCR,METAGENOMIC,tin mine metagenome,ILLUMINA,2024-03-07T00:00:00Z,2024-03-07T19:40:00Z,1,XJD6_20,SRP494034
SRR28266092,AMPLICON,602,46689916,PRJNA1085262,SAMN40298799,Metagenome or environmental,24522998,CENTRAL SOUTH UNIVERSITY,2022-05-08,public,"run.zq,fastq,sra","gs,ncbi,s3","s3.us-east-1,ncbi.public,gs.us-east1",SRX23876170,China,Asia,China:Yongzhou city,Illumina MiSeq,Tin mine abandoned mining site soil,26.2286 N 112.1633 E,XJD5,SINGLE,PCR,METAGENOMIC,tin mine metagenome,ILLUMINA,2024-03-07T00:00:00Z,2024-03-07T19:41:00Z,1,XJD5_20,SRP494034
SRR28266093,AMPLICON,602,36283142,PRJNA1085262,SAMN40298798,Metagenome or environmental,18545727,CENTRAL SOUTH UNIVERSITY,2022-05-08,public,"fastq,sra,run.zq","gs,ncbi,s3","s3.us-east-1,gs.us-east1,ncbi.public",SRX23876169,China,Asia,China:Yongzhou city,Illumina MiSeq,Tin mine abandoned mining site soil,26.2272 N 112.1647 E,XJD4,SINGLE,PCR,METAGENOMIC,tin mine metagenome,ILLUMINA,2024-03-07T00:00:00Z,2024-03-07T19:41:00Z,1,XJD4_20,SRP494034
SRR28266094,AMPLICON,602,53246298,PRJNA1085262,SAMN40298797,Metagenome or environmental,28502710,CENTRAL SOUTH UNIVERSITY,2022-05-08,public,"fastq,sra,run.zq","s3,gs,ncbi","s3.us-east-1,ncbi.public,gs.us-east1",SRX23876168,China,Asia,China:Yongzhou city,Illumina MiSeq,Tin mine abandoned mining site soil,26.2247 N 112.1606 E,XJD3,SINGLE,PCR,METAGENOMIC,tin mine metagenome,ILLUMINA,2024-03-07T00:00:00Z,2024-03-07T19:40:00Z,1,XJD3_20,SRP494034
SRR28266095,AMPLICON,602,36398726,PRJNA1085262,SAMN40298796,Metagenome or environmental,18913690,CENTRAL SOUTH UNIVERSITY,2022-05-08,public,"fastq,sra,run.zq","ncbi,s3,gs","ncbi.public,gs.us-east1,s3.us-east-1",SRX23876167,China,Asia,China:Yongzhou city,Illumina MiSeq,Tin mine abandoned mining site soil,26.2264 N 112.1536 E,XJD2,SINGLE,PCR,METAGENOMIC,tin mine metagenome,ILLUMINA,2024-03-07T00:00:00Z,2024-03-07T19:41:00Z,1,XJD2_20,SRP494034
SRR28266096,AMPLICON,602,37479316,PRJNA1085262,SAMN40298795,Metagenome or environmental,19648718,CENTRAL SOUTH UNIVERSITY,2022-05-08,public,"fastq,sra,run.zq","gs,s3,ncbi","ncbi.public,s3.us-east-1,gs.us-east1",SRX23876166,China,Asia,China:Yongzhou city,Illumina MiSeq,Tin mine abandoned mining site soil,26.2044 N 112.1761 E,XJD1,SINGLE,PCR,METAGENOMIC,tin mine metagenome,ILLUMINA,2024-03-07T00:00:00Z,2024-03-07T19:41:00Z,1,XJD1_20,SRP494034
SRR28266097,AMPLICON,602,35117068,PRJNA1085262,SAMN40298794,Metagenome or environmental,21637094,CENTRAL SOUTH UNIVERSITY,2022-05-11,public,"run.zq,sra,fastq","ncbi,gs,s3","ncbi.public,s3.us-east-1,gs.us-east1",SRX23876165,China,Asia,China:Shaoyang city,Illumina MiSeq,Manganese ore abandoned treatment plant soil,26.6006 N 110.7375 E,WG4,SINGLE,PCR,METAGENOMIC,mine metagenome,ILLUMINA,2024-03-07T00:00:00Z,2024-03-07T19:40:00Z,1,WG4_20,SRP494034
SRR28266098,AMPLICON,602,32768666,PRJNA1085262,SAMN40298793,Metagenome or environmental,19684243,CENTRAL SOUTH UNIVERSITY,2022-05-11,public,"run.zq,fastq,sra","gs,ncbi,s3","ncbi.public,gs.us-east1,s3.us-east-1",SRX23876164,China,Asia,China:Shaoyang city,Illumina MiSeq,Manganese ore abandoned treatment plant soil,26.6025 N 110.7378 E,WG2,SINGLE,PCR,METAGENOMIC,mine metagenome,ILLUMINA,2024-03-07T00:00:00Z,2024-03-07T19:40:00Z,1,WG2_20,SRP494034
SRR28266099,AMPLICON,602,31064404,PRJNA1085262,SAMN40298792,Metagenome or environmental,19189713,CENTRAL SOUTH UNIVERSITY,2022-05-11,public,"sra,fastq,run.zq","gs,ncbi,s3","ncbi.public,s3.us-east-1,gs.us-east1",SRX23876163,China,Asia,China:Shaoyang city,Illumina MiSeq,Manganese ore abandoned treatment plant soil,26.6306 N 110.7375 E,WG1,SINGLE,PCR,METAGENOMIC,mine metagenome,ILLUMINA,2024-03-07T00:00:00Z,2024-03-07T19:40:00Z,1,WG1_20,SRP494034
SRR28266100,AMPLICON,602,37015174,PRJNA1085262,SAMN40298765,Metagenome or environmental,18636755,CENTRAL SOUTH UNIVERSITY,2022-05-10,public,"fastq,run.zq,sra","gs,s3,ncbi","ncbi.public,gs.us-east1,s3.us-east-1",SRX23876162,China,Asia,China:Shaoyang city,Illumina MiSeq,Abandoned site of iron and manganese mining,27.1889 N 110.4031 E,DK2,SINGLE,PCR,METAGENOMIC,tailings metagenome,ILLUMINA,2024-03-07T00:00:00Z,2024-03-07T19:40:00Z,1,DK2_20,SRP494034
SRR28266101,AMPLICON,602,39395482,PRJNA1085262,SAMN40298791,Metagenome or environmental,22651135,CENTRAL SOUTH UNIVERSITY,2022-09-24,public,"run.zq,sra,fastq","ncbi,s3,gs","ncbi.public,gs.us-east1,s3.us-east-1",SRX23876161,China,Asia,China:Chenzhou city,Illumina MiSeq,Lead-zinc tailings soil,25.7242 N 113.1653 E,SZY_S3,SINGLE,PCR,METAGENOMIC,tailings metagenome,ILLUMINA,2024-03-07T00:00:00Z,2024-03-07T19:41:00Z,1,SZY_S3_20,SRP494034
SRR28266102,AMPLICON,602,40227446,PRJNA1085262,SAMN40298790,Metagenome or environmental,23207626,CENTRAL SOUTH UNIVERSITY,2022-09-24,public,"run.zq,fastq,sra","s3,ncbi,gs","ncbi.public,s3.us-east-1,gs.us-east1",SRX23876160,China,Asia,China:Chenzhou city,Illumina MiSeq,Lead-zinc tailings soil,25.7249 N 113.1673 E,SZY_S2,SINGLE,PCR,METAGENOMIC,tailings metagenome,ILLUMINA,2024-03-07T00:00:00Z,2024-03-07T19:41:00Z,1,SZY_S2_20,SRP494034
SRR28266103,AMPLICON,602,38639972,PRJNA1085262,SAMN40298789,Metagenome or environmental,21835465,CENTRAL SOUTH UNIVERSITY,2022-09-25,public,"fastq,sra,run.zq","ncbi,s3,gs","s3.us-east-1,gs.us-east1,ncbi.public",SRX23876159,China,Asia,China:Chenzhou city,Illumina MiSeq,Lead-zinc tailings pond downstream riverbed soil,25.7389 N 113.1753 E,SST_S5,SINGLE,PCR,METAGENOMIC,mine drainage metagenome,ILLUMINA,2024-03-07T00:00:00Z,2024-03-07T19:40:00Z,1,SST_S5_20,SRP494034
SRR28266104,AMPLICON,602,29385426,PRJNA1085262,SAMN40298788,Metagenome or environmental,16855223,CENTRAL SOUTH UNIVERSITY,2022-09-25,public,"fastq,sra,run.zq","ncbi,gs,s3","gs.us-east1,ncbi.public,s3.us-east-1",SRX23876158,China,Asia,China:Chenzhou city,Illumina MiSeq,Lead-zinc tailings pond downstream riverbed soil,25.7386 N 113.1656 E,SST_S4,SINGLE,PCR,METAGENOMIC,mine drainage metagenome,ILLUMINA,2024-03-07T00:00:00Z,2024-03-07T19:41:00Z,1,SST_S4_20,SRP494034
SRR28266105,AMPLICON,602,20481244,PRJNA1085262,SAMN40298787,Metagenome or environmental,11635290,CENTRAL SOUTH UNIVERSITY,2022-09-25,public,"sra,run.zq,fastq","ncbi,s3,gs","s3.us-east-1,gs.us-east1,ncbi.public",SRX23876157,China,Asia,China:Chenzhou city,Illumina MiSeq,Lead-zinc tailings pond downstream riverbed soil,25.7398 N 113.1637 E,SST_S3,SINGLE,PCR,METAGENOMIC,mine drainage metagenome,ILLUMINA,2024-03-07T00:00:00Z,2024-03-07T19:40:00Z,1,SST_S3_20,SRP494034
SRR28266106,AMPLICON,602,42067760,PRJNA1085262,SAMN40298786,Metagenome or environmental,23945590,CENTRAL SOUTH UNIVERSITY,2022-09-25,public,"fastq,run.zq,sra","s3,ncbi,gs","s3.us-east-1,gs.us-east1,ncbi.public",SRX23876156,China,Asia,China:Chenzhou city,Illumina MiSeq,Lead-zinc tailings pond downstream riverbed soil,25.7392 N 113.1657 E,SST_S2,SINGLE,PCR,METAGENOMIC,mine drainage metagenome,ILLUMINA,2024-03-07T00:00:00Z,2024-03-07T19:40:00Z,1,SST_S2_20,SRP494034
SRR28266107,AMPLICON,602,34684230,PRJNA1085262,SAMN40298785,Metagenome or environmental,21319810,CENTRAL SOUTH UNIVERSITY,2022-05-11,public,"run.zq,fastq,sra","ncbi,s3,gs","gs.us-east1,s3.us-east-1,ncbi.public",SRX23876155,China,Asia,China:Shaoyang city,Illumina MiSeq,Lead-zinc-antimony tailings soil,27.3792 N 111.3478 E,SL8,SINGLE,PCR,METAGENOMIC,tailings metagenome,ILLUMINA,2024-03-07T00:00:00Z,2024-03-07T19:41:00Z,1,SL8_20,SRP494034
SRR28266108,AMPLICON,602,42503006,PRJNA1085262,SAMN40298784,Metagenome or environmental,24064621,CENTRAL SOUTH UNIVERSITY,2022-09-25,public,"run.zq,fastq,sra","ncbi,s3,gs","gs.us-east1,ncbi.public,s3.us-east-1",SRX23876154,China,Asia,China:Chenzhou city,Illumina MiSeq,Lead-zinc tailings soil,25.7297 N 113.1142 E,NGW_S3,SINGLE,PCR,METAGENOMIC,tailings metagenome,ILLUMINA,2024-03-07T00:00:00Z,2024-03-07T19:40:00Z,1,NGW_S3_20,SRP494034
SRR28266109,AMPLICON,602,33096756,PRJNA1085262,SAMN40298783,Metagenome or environmental,18750220,CENTRAL SOUTH UNIVERSITY,2022-09-25,public,"sra,run.zq,fastq","s3,gs,ncbi","s3.us-east-1,gs.us-east1,ncbi.public",SRX23876153,China,Asia,China:Chenzhou city,Illumina MiSeq,Lead-zinc tailings soil,25.7294 N 113.1156 E,NGW_S1,SINGLE,PCR,METAGENOMIC,tailings metagenome,ILLUMINA,2024-03-07T00:00:00Z,2024-03-07T19:41:00Z,1,NGW_S1_20,SRP494034
SRR28266110,AMPLICON,602,32650072,PRJNA1085262,SAMN40298782,Metagenome or environmental,19788067,CENTRAL SOUTH UNIVERSITY,2022-05-10,public,"sra,fastq,run.zq","s3,gs,ncbi","gs.us-east1,ncbi.public,s3.us-east-1",SRX23876152,China,Asia,China:Yongzhou city,Illumina MiSeq,Abandoned site of iron and manganese smelting,26.6586 N 111.1192 E,LF8,SINGLE,PCR,METAGENOMIC,tailings metagenome,ILLUMINA,2024-03-07T00:00:00Z,2024-03-07T19:40:00Z,1,LF8_20,SRP494034
SRR28266111,AMPLICON,602,36631098,PRJNA1085262,SAMN40298764,Metagenome or environmental,18952277,CENTRAL SOUTH UNIVERSITY,2022-05-10,public,"fastq,run.zq,sra","gs,ncbi,s3","s3.us-east-1,ncbi.public,gs.us-east1",SRX23876151,China,Asia,China:Shaoyang city,Illumina MiSeq,Abandoned site of iron and manganese mining,27.1894 N 110.4025 E,DK1,SINGLE,PCR,METAGENOMIC,tailings metagenome,ILLUMINA,2024-03-07T00:00:00Z,2024-03-07T19:41:00Z,1,DK1_20,SRP494034
SRR28266112,AMPLICON,602,33058228,PRJNA1085262,SAMN40298781,Metagenome or environmental,20388008,CENTRAL SOUTH UNIVERSITY,2022-05-10,public,"fastq,sra,run.zq","s3,gs,ncbi","s3.us-east-1,gs.us-east1,ncbi.public",SRX23876150,China,Asia,China:Shaoyang city,Illumina MiSeq,Antimony mine operation area soil,26.6611 N 111.1242 E,LK5,SINGLE,PCR,METAGENOMIC,tailings metagenome,ILLUMINA,2024-03-07T00:00:00Z,2024-03-07T19:41:00Z,1,LK5_20,SRP494034
SRR28266113,AMPLICON,602,31676036,PRJNA1085262,SAMN40298780,Metagenome or environmental,19446967,CENTRAL SOUTH UNIVERSITY,2022-05-10,public,"fastq,run.zq,sra","ncbi,s3,gs","s3.us-east-1,gs.us-east1,ncbi.public",SRX23876149,China,Asia,China:Yongzhou city,Illumina MiSeq,Abandoned site of iron and manganese smelting,26.6592 N 111.1211 E,LF4,SINGLE,PCR,METAGENOMIC,tailings metagenome,ILLUMINA,2024-03-07T00:00:00Z,2024-03-07T19:40:00Z,1,LF4_20,SRP494034
SRR28266114,AMPLICON,602,29472114,PRJNA1085262,SAMN40298779,Metagenome or environmental,17824324,CENTRAL SOUTH UNIVERSITY,2022-05-10,public,"sra,run.zq,fastq","s3,gs,ncbi","ncbi.public,gs.us-east1,s3.us-east-1",SRX23876148,China,Asia,China:Shaoyang city,Illumina MiSeq,Antimony mine operation area soil,26.6614 N 111.1214 E,LK2,SINGLE,PCR,METAGENOMIC,tailings metagenome,ILLUMINA,2024-03-07T00:00:00Z,2024-03-07T19:41:00Z,1,LK2_20,SRP494034
SRR28266115,AMPLICON,602,29591310,PRJNA1085262,SAMN40298778,Metagenome or environmental,18131439,CENTRAL SOUTH UNIVERSITY,2022-05-10,public,"run.zq,sra,fastq","s3,gs,ncbi","gs.us-east1,ncbi.public,s3.us-east-1",SRX23876147,China,Asia,China:Shaoyang city,Illumina MiSeq,Antimony mine operation area soil,26.6619 N 111.1197 E,LK1,SINGLE,PCR,METAGENOMIC,tailings metagenome,ILLUMINA,2024-03-07T00:00:00Z,2024-03-07T19:40:00Z,1,LK1_20,SRP494034
SRR28266116,AMPLICON,602,33375482,PRJNA1085262,SAMN40298777,Metagenome or environmental,19147305,CENTRAL SOUTH UNIVERSITY,2022-09-25,public,"sra,fastq,run.zq","gs,s3,ncbi","gs.us-east1,s3.us-east-1,ncbi.public",SRX23876146,China,Asia,China:Chenzhou city,Illumina MiSeq,Lead-zinc tailings soil,25.7386 N 113.1056 E,HNA_S3,SINGLE,PCR,METAGENOMIC,tailings metagenome,ILLUMINA,2024-03-07T00:00:00Z,2024-03-07T19:40:00Z,1,HNA_S3_20,SRP494034
SRR28266117,AMPLICON,602,37304134,PRJNA1085262,SAMN40298776,Metagenome or environmental,21487411,CENTRAL SOUTH UNIVERSITY,2022-09-25,public,"sra,fastq,run.zq","gs,ncbi,s3","s3.us-east-1,gs.us-east1,ncbi.public",SRX23876145,China,Asia,China:Chenzhou city,Illumina MiSeq,Lead-zinc tailings soil,25.7383 N 113.1066 E,HNA_S2,SINGLE,PCR,METAGENOMIC,tailings metagenome,ILLUMINA,2024-03-07T00:00:00Z,2024-03-07T19:41:00Z,1,HNA_S2_20,SRP494034
SRR28266118,AMPLICON,602,23443686,PRJNA1085262,SAMN40298775,Metagenome or environmental,13432948,CENTRAL SOUTH UNIVERSITY,2022-09-25,public,"run.zq,sra,fastq","s3,ncbi,gs","ncbi.public,gs.us-east1,s3.us-east-1",SRX23876144,China,Asia,China:Chenzhou city,Illumina MiSeq,Lead-zinc tailings soil,25.7384 N 113.1056 E,HNA_S1,SINGLE,PCR,METAGENOMIC,tailings metagenome,ILLUMINA,2024-03-07T00:00:00Z,2024-03-07T19:40:00Z,1,HNA_S1_20,SRP494034
SRR28266119,AMPLICON,602,26011818,PRJNA1085262,SAMN40298774,Metagenome or environmental,16045698,CENTRAL SOUTH UNIVERSITY,2022-05-09,public,"run.zq,fastq,sra","s3,ncbi,gs","s3.us-east-1,gs.us-east1,ncbi.public",SRX23876143,China,Asia,China:Yongzhou city,Illumina MiSeq,Manganese mine surface soil,25.5289 N 111.7269 E,DX4,SINGLE,PCR,METAGENOMIC,tailings metagenome,ILLUMINA,2024-03-07T00:00:00Z,2024-03-07T19:41:00Z,1,DX4_20,SRP494034
SRR28266120,AMPLICON,602,35549906,PRJNA1085262,SAMN40298773,Metagenome or environmental,21996968,CENTRAL SOUTH UNIVERSITY,2022-05-09,public,"run.zq,sra,fastq","ncbi,gs,s3","ncbi.public,gs.us-east1,s3.us-east-1",SRX23876142,China,Asia,China:Yongzhou city,Illumina MiSeq,Manganese mine surface soil,25.5286 N 111.7269 E,DX3,SINGLE,PCR,METAGENOMIC,tailings metagenome,ILLUMINA,2024-03-07T00:00:00Z,2024-03-07T19:41:00Z,1,DX3_20,SRP494034
SRR28266121,AMPLICON,602,33084114,PRJNA1085262,SAMN40298772,Metagenome or environmental,20097930,CENTRAL SOUTH UNIVERSITY,2022-05-09,public,"run.zq,fastq,sra","ncbi,s3,gs","ncbi.public,s3.us-east-1,gs.us-east1",SRX23876141,China,Asia,China:Yongzhou city,Illumina MiSeq,Manganese mine surface soil,25.5256 N 111.6967 E,DX2,SINGLE,PCR,METAGENOMIC,tailings metagenome,ILLUMINA,2024-03-07T00:00:00Z,2024-03-07T19:40:00Z,1,DX2_20,SRP494034
SRR28266122,AMPLICON,602,33382104,PRJNA1085262,SAMN40298763,Metagenome or environmental,20346998,CENTRAL SOUTH UNIVERSITY,2022-05-11,public,"sra,run.zq,fastq","ncbi,s3,gs","ncbi.public,gs.us-east1,s3.us-east-1",SRX23876140,China,Asia,China:Shaoyang city,Illumina MiSeq,Surface soil of farmland near the ore treatment plant,27.3347 N 111.4648 E,CZ4,SINGLE,PCR,METAGENOMIC,tailings metagenome,ILLUMINA,2024-03-07T00:00:00Z,2024-03-07T19:40:00Z,1,CZ4_20,SRP494034
SRR28266123,AMPLICON,602,33799892,PRJNA1085262,SAMN40298762,Metagenome or environmental,20598827,CENTRAL SOUTH UNIVERSITY,2022-05-11,public,"fastq,sra,run.zq","ncbi,gs,s3","s3.us-east-1,gs.us-east1,ncbi.public",SRX23876139,China,Asia,China:Shaoyang city,Illumina MiSeq,Surface soil near the ore treatment plant,27.3287 N 111.4049 E,CZ3,SINGLE,PCR,METAGENOMIC,tailings metagenome,ILLUMINA,2024-03-07T00:00:00Z,2024-03-07T19:40:00Z,1,CZ3_20,SRP494034
